,Unnamed: 0,block_num,tx_index,tx_hash,entrypoint,signature
105278,,11453722,69,0xb759e6b3045f39a3dd02b4220f3e5a12a5a51a85235ac3ae9156946a12d228ec,0xb6c057591e073249f2d9d88ba59a46cfc9b59edb,['0902f1ac'
359934,,11463456,48,0x69f3bb8a06458c6bfdbbd951de73435b1c94475dda3b56fc6aacea98297303e7,0xb6c057591e073249f2d9d88ba59a46cfc9b59edb,['0902f1ac'
385453,,11464506,125,0xa2dd3fbdeae2275dfd251bc0b417d9b901777cad5e791df74c3b0c490339ef85,0xb6c057591e073249f2d9d88ba59a46cfc9b59edb,['0902f1ac'
395992,,11464949,64,0xdbd56a8e1ff1cdc04c7a39059c0f42849c103719b27a9273a2a8e72ed975ba04,0xb6c057591e073249f2d9d88ba59a46cfc9b59edb,['0902f1ac'
396466,,11464969,89,0x5a5749d4fc7f3058e36593484ca7416780854bee36a6bc58871ae493065be79b,0xb6c057591e073249f2d9d88ba59a46cfc9b59edb,['0902f1ac'
480319,,11468617,120,0x5eb6ec332eef1027165d21f16e6848db7c697c94e63cbeac0f84d39f5c673bf6,0xb6c057591e073249f2d9d88ba59a46cfc9b59edb,['0902f1ac'
900125,,11485681,13,0x31a8e27442d693b9b827fe33943e82458d1d101a8715c9a8d31722013d9b8ebe,0xb6c057591e073249f2d9d88ba59a46cfc9b59edb,['0902f1ac'
947768,,11487357,46,0x59a1e918cf6f0df2117e42ec055c98705cab84954285d7a9a95b3cc4dc38ab87,0xb6c057591e073249f2d9d88ba59a46cfc9b59edb,['0902f1ac'
989434,,11489170,105,0x12895f5ff98b706da4ea3e68c7dab5ff309c07ea46f17063a6f3dd57680967a2,0xb6c057591e073249f2d9d88ba59a46cfc9b59edb,['0902f1ac'
1004641,,11489772,71,0x4a48b3152a75ce356d9be9c0fd1e1a4d8fae366bcac42e8e3436dca63839dd85,0xb6c057591e073249f2d9d88ba59a46cfc9b59edb,['0902f1ac'
